Date,Calories,Distance,Low_latitude,Low_longitude,High_latitude,High_longitude,Average_speed,Max_speed,Min_speed,Step_count,Average_weight,Max_weight,Min_weight,Move ,Heart_point,Heart_minutes,Biking_duration,Inactive_duration,Walking_duration,Running_duration
09-01-19,2009.7327,7372.049643,12.9836992,80.2275139,12.9895287,80.2360912,1.018094238,8.619999886,0.113021888,12716,,,,151,44,44,,75266222,8753841,
09-02-19,2041.791085,7633.338808,12.9838311,80.2230276,12.9895996,80.2361394,0.789021149,6.579999924,0.050600726,10548,,,,159,55,55,1918502,74089157,7288987,
09-03-19,1876.149418,5140.428308,12.9839867,80.2269659,12.9917541,80.2358491,0.725030889,3.440000057,0.24993901,10255,,,,119,20,20,,76647141,6306102,
09-04-19,1844.911027,4988.63407,12.9840842,80.2303249,12.9906009,80.2354972,0.612671054,1.722481608,0.272343248,9016,,,,105,18,18,,74344589,5729432,
09-05-19,2195.678803,11043.77904,12.9786297,80.2270568,12.9917657,80.2374331,0.770244228,7,0.105015934,12070,,,,200,83,83,3760724,71333463,8129991,
09-06-19,2345.289397,17741.58848,12.9756469,80.2275916,12.9913976,80.266664,0.800691308,8,0.099408045,15108,,,,265,95,94,4540081,62807580,10045818,
09-07-19,2030.342427,9360.556404,12.9840652,80.2232915,12.9909933,80.2380172,0.807561839,5.922677994,0.050901897,8860,,,,158,64,64,2760093,75093085,6178829,
09-08-19,2054.223215,8687.392848,12.9838933,80.2117454,13.0828102,80.2628332,1.286485727,34,0.019648736,12410,,,,178,61,61,1788681,66994785,7648812,
09-09-19,2149.296599,8644.655754,12.9838953,80.2178671,12.9909959,80.2356581,0.764364702,13,0.021919752,6798,,,,191,92,92,5857009,71196923,5012775,
09-10-19,2182.886665,10730.15951,12.9811477,80.2272165,12.9912078,80.2379362,0.656689162,3.819999933,0.080507152,5351,,,,185,115,115,7312605,71224195,4091613,
09-11-19,1355.70745,1354.74141,12.9842704,80.2342925,12.987215,80.236231,1.228187388,4.590000153,0,6356,,,,106,21,21,978464,33182697,482553,
09-12-19,1532,,,,,,1.801273513,3.630000114,0.50999999,13214,,,,173,25,25,,,,
09-13-19,1870.288737,3879.933476,12.9841788,80.2327859,12.988092,80.2361394,1.267067602,4.032684326,0.099862725,12146,,,,181,33,33,1193766,19935652,4879300,
09-14-19,2333.156802,11586.83638,11.7710747,78.1989111,11.7953963,78.209108,2.038088346,21.20000076,0.255292892,21581,,,,267,22,22,,25956611,14680172,
09-15-19,1894.630334,5669.834179,11.669041,78.1125324,13.0843626,80.275153,0.905011497,5.900000095,0.203651071,8323,,,,110,33,33,1059908,56785849,5510919,
09-16-19,2189.974965,6420.037767,12.9840955,80.2298646,13.0050259,80.241834,0.866931332,7.170000076,0.053940676,7288,,,,214,114,114,6798847,70919023,4638885,60734
09-17-19,2197.614166,6727.131213,12.9859837,80.2233162,12.9917164,80.2359254,0.852556243,10,0.243603438,7388,,,,210,96,96,6131938,70741408,5489203,
09-18-19,2290.544232,5752.916468,12.9839033,80.2315372,12.9916047,80.2374308,0.817369377,7.919514179,0.050327238,7777,,,,207,104,104,6657654,67311747,6353288,185219
09-19-19,2200.736126,9427.258137,12.9836848,80.2268524,12.9919952,80.2361394,0.742925593,5.732773781,0.04714122,7758,,,,185,96,96,5356196,69896443,6249603,116298
09-20-19,1992.864436,9555.088114,12.9253965,80.1177774,12.9920876,80.2359407,1.036023659,18.30792618,0.010537205,9375,,,,151,72,72,2924131,68330850,5284094,
09-21-19,1915.969141,5314.751606,12.9790553,80.2288458,12.9908675,80.236004,1.453486654,9.891587257,0.048098966,3903,,,,116,61,61,3986362,76609126,2733717,
09-22-19,2043.038186,8657.411264,12.9839643,80.2317511,13.0010129,80.2399709,0.718702714,5.452057362,0.079946332,8673,,,,162,61,61,3197420,70204881,5943743,
09-23-19,2262.351664,7522.123634,12.9839977,80.2265902,12.9931302,80.2372833,0.793226649,3.702862024,0.118258603,6136,,,,202,116,116,7368471,68170257,5500472,
09-24-19,2184.478389,9238.040101,12.9835945,80.2224165,12.9917404,80.2357919,0.529313977,6.420433998,0.05023602,7384,,,,200,110,110,6605555,69446671,4883675,
09-25-19,1969.149914,5005.943867,12.9840045,80.2270016,12.9924827,80.2358222,0.780343155,4.355691433,0.028558709,5482,,,,130,53,53,3510185,74012003,4198038,
09-26-19,2126.798054,6270.038766,12.985833,80.2268928,12.9919309,80.2374254,0.532374191,3.63502574,0.032217506,5401,,,,167,95,95,6105019,71006705,4230177,60263
09-27-19,2062.761383,6699.822704,12.9841023,80.2270224,12.9918928,80.2359334,0.733982071,4.673344135,0.058665536,6667,,,,163,71,71,4547333,70655308,4829511,
09-28-19,2331.850541,11123.8189,12.9836603,80.2224415,13.0020907,80.241452,0.815995591,5.101058483,0,8776,,,,228,151,151,7791501,70290534,6321418,
09-29-19,1852.164031,3506.446093,12.9836862,80.2338258,12.9908408,80.2376698,0.954398239,3.429693699,0.280185193,8290,,,,140,34,34,1677284,74054538,4072352,
09-30-19,2049.036987,5846.987901,12.983888,80.2334378,12.9881177,80.2376639,0.676395307,3.434375525,0.261039108,9564,,,,143,49,49,1876380,72826394,7466820,
10-01-19,2437.892437,11143.47864,12.9840341,80.2305414,12.9935947,80.2361698,0.694276214,5.103622913,0.249610081,17382,,,,258,72,72,3634519,65981758,12701990,
10-02-19,1784.6563,3281.531622,12.9425871,80.234113,12.9870894,80.260746,0.807038622,7.643684387,0.297862679,7397,,,,81,16,16,,72715459,4423194,90133
10-03-19,2164.861433,5516.879674,12.9841552,80.2290871,12.9907177,80.2373477,0.731456638,4.099531651,0.25502941,5396,,,,176,106,106,6783337,71513380,4340025,
10-04-19,1982.71914,6670.165066,12.9840368,80.22682,12.9920597,80.2375183,0.570473091,9.744189262,0.132909894,5616,,,,121,58,58,3474037,75574769,4530947,
10-05-19,2056.23752,9971.693463,12.9740587,80.2321897,12.9993387,80.2463886,0.844634041,3.560717583,0.055840254,11711,,,,161,42,42,1177031,70383972,8346876,
10-06-19,2042.564693,5991.180721,12.9839239,80.2327403,12.9912093,80.2359548,0.48423191,4.294264317,0.009945904,9504,,,,144,45,45,1614855,74484348,7627983,
10-07-19,1871.327265,6111.382125,12.9740587,80.2331353,12.9977803,80.2463886,0.585330197,4.553801537,0.100654639,5511,,,,105,42,42,2242998,78810901,3818333,
10-08-19,1859.439586,5910.336476,12.9840323,80.2328483,13.0034855,80.2404723,0.705752613,6.735492229,0.05154578,5762,,,,101,33,33,1760989,79202448,4116128,
10-09-19,1906.101805,4299.903206,12.9840894,80.2269864,12.9923756,80.2359274,0.660168816,3.532892704,0.014534444,5798,,,,115,38,38,2204970,76609281,4496213,
10-10-19,2044.664106,6004.763911,12.9840301,80.2270773,12.9906942,80.2360173,1.152278586,4.332479,0.28690809,8508,,,,169,65,65,3201946,73405720,5968692,
10-11-19,2320.055978,7849.550809,12.9839741,80.2281363,12.9909404,80.2395598,0.684613791,2.974321365,0,8569,,,,221,128,128,7327882,67992219,6601248,
10-12-19,2143.710965,5284.94754,12.9836396,80.2338228,12.9910255,80.2385753,1.214739224,3.816563129,0.13641189,7647,,,,169,78,78,4486984,74663213,6122624,64085
10-13-19,1866.317183,3888.524995,12.9816316,80.2303503,12.987043,80.2369891,0.829141471,2.238185644,0.256893396,6745,,,,108,15,15,1012402,76111108,5038264,
10-14-19,1927.448836,5033.735616,12.9840393,80.2305309,12.9924919,80.2375611,0.750423175,2.649003744,0.166467562,7234,,,,128,35,35,2044959,75839150,5058539,
10-15-19,1727.202436,2085.899091,12.9812611,80.2308839,12.9918747,80.2358218,0.691376947,2.163015842,0.301185668,4306,,,,72,16,15,771428,79611176,2751614,
10-16-19,1844.699822,4406.0953,12.9842798,80.2335651,12.9913388,80.2359511,0.742853296,4.934969902,0.222672209,5742,,,,97,31,31,1325976,77774201,4290488,
10-17-19,2143.746837,8169.993214,12.9835857,80.2269245,12.9917913,80.2360384,0.60494433,1.882166386,0.097071871,12020,,,,173,51,51,1854071,73573975,9226121,
10-18-19,2289.858056,12238.76398,12.9660229,80.2164508,12.9925407,80.2480902,0.840699636,3.619999886,0,6483,,,,206,118,118,7589128,67407078,5765258,
10-19-19,2522.799525,14805.41462,12.8190249,79.689937,13.008085,80.2384094,2.360445988,48.75305176,0.128141865,19938,,,,302,69,69,2842007,41181057,14857679,
10-20-19,1936.495289,5974.159612,12.9840008,80.2332437,12.9908692,80.2386509,0.955925056,2.858278036,0.009944169,7962,,,,134,48,48,2328859,75438281,4920489,
10-21-19,1909.443046,5606.459162,12.9836715,80.2269327,12.9917824,80.2359342,0.695952133,3.571408272,0.176670685,9138,,,,130,26,26,934719,75874967,5916265,
10-22-19,2008.187471,5438.92635,12.9840695,80.2305533,12.9924878,80.2360747,0.86457387,11.29155636,0.062305618,5569,,,,124,62,62,3550391,72980493,4927562,
10-23-19,1765.725941,4784.932508,12.9842942,80.2308867,12.9907427,80.2358097,0.826951853,9.119282722,0.24144797,3641,,,,74,30,30,2114317,80217544,2020977,
10-24-19,2052.145949,8746.030938,12.9840417,80.2268596,12.9924923,80.2390283,0.779393534,7.654342651,0.072546698,8543,,,,168,64,64,3792396,71836078,5473473,
10-25-19,2383.899989,23502.0317,12.946868,80.2269363,12.9918096,80.2624046,0.95015518,11.36575603,0.026288386,7196,,,,250,147,147,9598403,63511736,5342259,
10-26-19,1832.082951,3039.532508,12.9840752,80.2312741,12.9870466,80.2359613,0.817002238,6.148644924,0,5053,,,,81,26,26,1328450,78208728,4077552,
10-27-19,1915.620721,6474.68771,12.9812004,80.2174754,12.9920322,80.2391723,0.8497922,13,0.07958293,6291,,,,139,48,48,2920682,70186141,3900835,
10-28-19,1828.036617,3536.59568,12.9856732,80.2312365,12.9907536,80.2358941,0.751742391,7,0.010177454,3939,,,,81,34,34,2078725,74839276,3200815,
10-29-19,1996.713726,6097.433657,12.9839597,80.2270832,12.9917071,80.2359375,0.712029074,4.594140053,0,6636,,,,155,71,71,3807101,72523705,4442709,
10-30-19,1930.870079,6849.926669,12.9838932,80.2269557,12.991746,80.235771,0.508677157,3.089974165,0.25502941,7106,,,,138,41,41,2498005,74753061,4636588,
10-31-19,2088.968229,6039.731279,12.9841972,80.2267323,12.9918852,80.2347434,0.471663012,3.599912643,0.021785507,6441,,,,147,63,63,4166710,71966963,5748467,
11-01-19,1975.985222,8093.277312,12.9836595,80.2269683,12.9918456,80.2384698,0.653483974,13.20236683,0.255524278,4560,,,,128,68,68,4458296,75136307,3262599,45274
11-02-19,2236.007139,11050.83247,12.983643,80.2255999,12.9917603,80.235884,0.665924715,8.524619102,0.098444231,7784,,,,232,133,133,7742724,66868392,4617388,
11-03-19,2013.544823,6362.869834,12.9836476,80.2290082,12.9918166,80.2358714,0.55619593,5.615763664,0.083002955,4658,,,,149,77,77,4895423,72357951,3586903,
11-04-19,2233.565986,8499.693997,12.9810856,80.2269471,12.99185,80.2373472,0.633279016,8,0.254308999,9899,,,,208,91,91,5304505,67734038,7180904,
11-05-19,2076.372218,7252.744557,12.9838097,80.224938,12.9907422,80.2375476,0.655622725,4.409382343,0.003626044,4569,,,,147,101,101,5965125,74140038,3586920,
11-06-19,1956.689715,7684.873894,12.9839735,80.2269309,12.9917234,80.2372365,0.649338262,3.98838973,0.105037384,4749,,,,115,49,49,3276586,75580501,4159895,
11-07-19,2084.908378,7048.333099,12.9859967,80.2269531,12.9924737,80.235949,0.550119766,3.137393713,0.06798128,3391,,,,154,104,104,6735500,73854791,2926159,
11-08-19,1741.274808,3220.187151,12.9840259,80.2279039,12.9916381,80.236261,0.476758274,2.342777967,0.124569111,3267,,,,66,18,18,1159871,80180196,2593944,
11-09-19,2126.522763,12106.34713,12.9840683,80.2248405,12.9939735,80.2370936,0.624758271,4.369663239,0.146572322,4902,,,,137,76,76,5037047,72050826,5505578,
11-10-19,1997.548343,7531.221245,12.9841281,80.2272734,12.9925047,80.237194,0.657414573,8,0,2191,,,,128,95,95,5997574,77116875,2114781,
11-11-19,1946.424,6648.071572,12.9837266,80.2270129,12.9918326,80.2359647,0.575436351,3.038537979,0.114908077,7732,,,,127,38,38,1856270,76142339,5608078,
11-12-19,1779.737848,5045.545974,12.984152,80.2270743,12.9922995,80.2358482,0.556425083,5.417823792,0.054619703,3061,,,,82,39,39,2526587,76214455,1836708,
11-13-19,2022.056142,7973.998405,12.9848079,80.227078,12.9924662,80.235892,0.612825347,3.775064468,0.115774773,4316,,,,136,68,68,4375792,74596254,4296611,
11-14-19,1802.411141,4440.258669,12.9870627,80.2268533,12.9927275,80.2359131,0.572695731,4.167861462,0.123023503,3370,,,,75,26,26,1804692,77382763,3024404,
11-15-19,1909.365452,5627.09814,12.9842821,80.2269686,12.9925185,80.2390539,0.535785883,9.900330544,0.122307397,6129,,,,117,39,39,2337516,76838636,4414224,
11-16-19,1969.813221,5132.686284,12.9840788,80.2271366,12.9922513,80.2346159,1.138701206,14,0.226311088,6126,,,,133,51,51,3397330,73361473,4388138,
11-17-19,2007.132229,4774.614268,12.9840994,80.2269493,12.9918968,80.2359138,0.648154724,7.117490292,0.118410818,4745,,,,143,75,75,4714521,71199775,3656085,
11-18-19,1933.499217,7320.945524,12.9840513,80.2269259,12.9927262,80.2371435,0.435923794,8,0.011324023,3166,,,,117,75,75,4856048,75374985,2162290,
11-19-19,1873.584442,6041.684368,12.9836928,80.2270852,12.991933,80.2363983,0.659730938,4.515600681,0.251386136,3309,,,,94,43,43,2853419,78275843,3206704,
11-20-19,1926.355227,6470.255346,12.983837,80.2270744,12.9927239,80.2360374,0.671183009,3.35965991,0.030816166,6220,,,,109,29,29,1724418,76502534,5381392,
11-21-19,2154.609518,15301.58476,12.9661959,80.2289136,12.992625,80.2530331,0.7738336,6.846862316,0.061256684,7518,,,,183,90,90,5194268,67349903,5851928,
11-22-19,2037.038606,7512.422417,12.6196457,80.1955955,12.987158,80.2403747,1.450527032,33.70351028,0.153365955,11481,,,,143,22,22,,63543390,9254187,
11-23-19,2522.926964,14520.0252,12.6085985,80.1698492,12.9904039,80.2401587,0.749228654,41.83496857,0.060175803,16852,,,,282,52,52,3096480,47111248,14839946,
11-24-19,1825.102644,5399.470613,12.983996,80.2328582,13.0848536,80.2757461,4.31646371,43.88898087,0.089303166,7065,,,,100,16,16,550579,48556363,4770921,
11-25-19,1631.320585,1280.122396,,,,,9.137711663,81.92313385,0.165130615,2377,,,,25,2,2,,35862978,1819924,
11-26-19,1813.853648,4549.951492,16.9415757,74.1388774,16.942141,74.140503,0.443300265,5.423291683,0.25502941,7627,,,,90,24,24,,72608648,5164609,
11-27-19,2000.090821,7371.786635,16.9415731,73.9815394,17.004354,74.1328086,0.667715895,23.02049828,0.247244298,13103,,,,154,27,27,,64127652,8577166,
11-28-19,2068.308344,7186.027008,16.9420557,74.1371365,16.9513473,74.140208,0.619497277,8.863792419,0.248858392,11739,,,,175,90,90,2419920,67523350,7090461,60780
11-29-19,1808.216796,3377.655904,,,,,0.466214118,1.32690382,0.234195918,6611,,,,69,2,2,,73135123,4922843,60470
11-30-19,1769.051301,3672.637835,16.6630809,74.2060562,16.696247,74.2244359,2.79051969,40.71021652,0.25502941,6486,,,,88,13,13,,61662908,4343664,
12-01-19,1758.554769,4168.513934,16.9423742,74.133722,16.9513473,74.1405802,0.451006253,1.941304445,0.248833984,7943,,,,102,12,12,,65824379,4151327,
12-02-19,1862.137887,5888.095462,17.0450094,74.2631666,17.0451649,74.2654073,0.667917827,29,0,9907,,,,107,28,28,,62878819,5772393,120942
12-03-19,1993.721541,6261.815306,16.9409817,74.1317534,16.9409817,74.1317534,0.448668415,5,0.25502941,11509,,,,151,10,10,474605,66289342,7952757,
12-04-19,1653.53681,2863.875364,,,,,2.413951854,61.34385681,0.247826472,5180,,,,66,2,2,,53221640,2208619,
12-05-19,1611.974691,2145.121619,,,,,0.514321227,3,0.246413007,4527,,,,44,2,2,,67655781,1465436,
12-06-19,1691.164324,3035.469024,,,,,0.586320342,3,0.25502941,6186,,,,74,2,2,,73809250,2916483,
12-07-19,2100.151432,10932.72397,18.5238565,73.8488118,19.0034488,73.9518727,3.700138686,22.1080246,0.25502941,13849,,,,161,57,57,727652,38755982,9632260,
12-08-19,2340.641706,13196.22598,18.9983872,73.7207178,19.6064444,73.9477971,1.430594038,20.36607742,0.230429977,21925,,,,291,21,21,,33727266,13862878,416781
12-09-19,2025.391139,8574.485603,18.5037111,73.8312495,19.0026865,73.9478116,1.284940851,15.17471504,0.246691853,14228,,,,161,28,28,,60015143,9028610,
12-10-19,1689.118513,3779.956692,15.34969,75.1162058,15.3532,75.1490305,9.797273728,26.15003967,0.25502941,5389,,,,65,9,9,,37466446,2878065,
12-11-19,1817.65096,2879.225371,12.9839555,80.2330104,12.9854932,80.2365794,6.157703674,36.6230011,0.007627011,4691,,,,83,30,30,1667737,38921749,3450158,
12-12-19,1783.125309,4719.996648,12.9845942,80.2289213,12.9927242,80.2331837,0.529495251,3.716133356,0.25864023,3768,,,,91,36,36,2400406,77388095,1976957,
12-13-19,2073.277914,6690.115367,12.9837405,80.2267654,12.992055,80.2374992,0.701828914,3.823169231,0.028703149,5390,,,,159,91,91,5524655,73393105,4008326,
12-14-19,1818.155391,3692.518919,12.9837675,80.2343729,12.9868263,80.2354936,0.540459035,3.297980785,0.073119164,4012,,,,86,25,25,1676913,79461931,3083890,155638
12-15-19,1707.799666,1979.410587,12.9827366,80.2336533,12.9847719,80.2347453,0.505565811,1.2237885,0.25502941,3525,,,,51,2,2,,80479612,3221306,
12-16-19,1951.620817,5120.396371,12.9840192,80.2270881,12.9922535,80.2347762,0.417905706,3.164566517,0.25502941,6377,,,,114,21,21,1257821,75318028,4028209,1011019
12-17-19,1840.236835,5365.132077,12.9803871,80.2319228,12.9870427,80.2359363,0.553655145,4.559220791,0.25502941,7481,,,,98,15,15,535375,77440758,5075341,
12-18-19,1841.735516,3993.521051,12.9842155,80.2326987,12.9908326,80.2347457,0.481618512,2.830742359,0.027068738,3594,,,,96,46,46,3030148,77996834,2434060,
12-19-19,1889.294868,7060.099946,12.9837268,80.2324786,13.0009597,80.2411966,0.564540123,12,0.099194922,4828,,,,125,57,57,3595290,75784337,2698660,
12-20-19,1828.628755,7189.517201,12.9837906,80.2269043,12.9926856,80.2373753,0.63555826,4.621693134,0.177547067,5212,,,,105,36,36,2155066,72711197,3130001,
12-21-19,1952.437659,6119.019484,12.9825803,80.2269778,12.992664,80.2388422,0.483613311,4.03286314,0.050949745,4038,,,,137,76,76,4901539,76120418,2458907,
12-22-19,1790.224066,4037.876801,12.9841092,80.2327985,12.9848207,80.234696,0.697513035,2.963949442,0.253485441,6806,,,,90,15,15,,78897434,4731624,
12-23-19,2090.069796,8088.779054,12.983942,80.2165021,12.993002,80.2353283,0.457533836,3.738857746,0.110841073,6108,,,,200,112,112,7171648,65573447,2554175,
12-24-19,1768.151501,4132.552064,12.9839073,80.2309363,12.9909595,80.2354778,0.876636345,3.957259178,0.152052179,5803,,,,86,13,13,539200,73579552,3736867,
12-25-19,1676.583858,2848.977231,12.9843103,80.2340546,12.98473,80.2346333,0.6950027,2.154010296,0.265655637,4773,,,,59,6,6,,81930943,2649315,
12-26-19,2037.24015,10085.18416,12.9753328,80.223327,12.9929662,80.2387863,0.916379009,14.64031887,0.018427962,4596,,,,161,91,91,5881769,75063772,2965965,
12-27-19,1825.607127,2737.650569,12.9846508,80.2271788,12.9924237,80.233002,0.647689424,8,0.022686629,3007,,,,77,36,36,2360838,78352293,2854511,
12-28-19,1915.497018,6207.864182,12.9813682,80.2269157,12.9921139,80.2386813,0.518494773,2.810444355,0.075117938,4885,,,,120,60,60,3703195,75373939,2920310,63474
12-29-19,2076.350331,16410.59234,12.9809475,80.2312238,13.0007068,80.2713596,0.563649681,8.288336754,0.25502941,6561,,,,179,103,103,5523867,73430757,4060056,
12-30-19,1931.065952,7785.301013,12.984224,80.2268994,12.9921842,80.2353155,0.660398175,4.371298313,0.106085315,4938,,,,124,66,66,3841034,75546957,3200604,
12-31-19,2211.557396,9359.776764,12.9840392,80.2165577,12.9969966,80.2404384,0.979154281,3.1963346,0.123471051,6712,,,,210,113,113,6749705,69039749,5231646,
01-01-20,2013.944486,13526.68099,12.9658945,80.2323681,12.9873392,80.2527053,0.806301023,5.642103672,0.225460127,6773,,,,165,73,73,4338914,71448433,4189541,
01-02-20,1694.0718,2518.577672,12.9840936,80.2328942,12.985398,80.2347019,0.71943615,3.443324089,0.265655637,2647,,,,60,22,22,1430373,81590406,1439644,
01-03-20,1886.789197,3018.036076,12.9844054,80.2318949,12.9909182,80.233919,0.451800047,3.358920097,0.027010027,2392,,,,91,62,62,3964893,77767169,2258208,
01-04-20,1773.456901,2181.764486,12.9846138,80.2326856,12.9886532,80.2330486,0.454627726,3.722144365,0.25502941,2816,,,,75,38,38,2446209,80298375,1807602,
01-05-20,1683.191584,2736.571182,12.9841804,80.2324721,12.9907945,80.2345974,0.500127908,2.306052446,0.25502941,3522,,,,64,12,12,806108,80760280,1908075,
01-06-20,2024.403036,9626.84451,12.9659195,80.2320233,12.9902339,80.2529398,0.629865812,12.65027428,0.101787731,4552,,,,145,79,79,4906691,75105568,3773812,
01-07-20,1735.20708,2714.121943,12.981538,80.2312599,12.9907582,80.2345905,0.580383561,4.084617615,0.276281893,3475,,,,72,29,29,1994720,78812945,1589695,
01-08-20,1669.3425,1867.897054,,,,,0.604084375,1.886372447,0.251034588,3334,,,,51,8,8,540735,81351381,1938187,
01-09-20,1810.641007,4425.17678,12.9840546,80.1848219,13.0772409,80.2361051,0.373619481,1.966071725,0.05494545,5201,,,,91,22,22,1395844,78546793,3612564,
01-10-20,1971.819358,4115.799887,12.9861336,80.2330478,12.9940914,80.2707033,0.455147327,2.199268103,0.061412934,5653,,,,136,51,51,3331427,75413237,4495396,
01-11-20,1742.007384,3512.759555,12.9852714,80.2319949,12.9905646,80.2334037,0.432958597,3.710679293,0.088125423,4618,,,,82,23,23,1140954,79101951,2627604,
01-12-20,1839.144297,5382.336659,12.9843266,80.2229398,12.9894971,80.234722,0.485859568,3.613826275,0.25502941,4099,,,,121,58,58,3712086,77419800,1657091,
01-13-20,1908.48152,5275.436934,12.9840425,80.2270772,12.9919795,80.2360357,0.737875989,4.266798019,0.252969265,7386,,,,135,33,33,2000233,77396202,4758828,
01-14-20,2049.472023,11826.09624,12.9839331,80.2165155,12.9925776,80.2362318,0.521501585,4.818989754,0.034752015,7824,,,,178,75,75,4865960,68130168,4136442,61266
01-15-20,1852.745324,5779.153729,12.9812061,80.2334292,12.987127,80.2431818,0.517211531,4.057528019,0.003755891,4827,,,,123,55,55,3492055,75380177,2141686,
01-16-20,1885.466865,6121.686285,12.9838959,80.2277782,12.9916832,80.2405275,0.665871893,6.514735699,0.052109018,6295,,,,133,43,43,2869362,76085734,3260321,
01-17-20,1780.97827,3681.167882,12.9841218,80.2294994,12.9888145,80.2360188,0.485381557,2.035098791,0.166495308,3791,,,,89,38,38,2472709,78787357,1917073,
01-18-20,1837.373654,3143.067811,12.9840425,80.2340484,12.9907081,80.236047,0.402915111,1.915925622,0.031777408,3621,,,,103,50,50,3190118,77880374,2149269,14299
01-19-20,1705.540307,3235.148838,12.9844631,80.2350369,12.9844631,80.2350369,0.664312602,2.979116678,0.234122038,4728,,,,78,7,7,475502,78178003,2661085,
01-20-20,1856.70503,3083.32435,12.9838901,80.2302815,12.9907729,80.2359199,0.46052747,4.48723793,0.141528115,3677,,,,100,42,42,2793360,77112035,2961659,
01-21-20,1984.758073,5438.13296,12.984045,80.2270894,12.9918908,80.2359432,0.583220203,4.136726379,0.015318068,2875,,,,120,83,83,5298106,77336662,2628658,
01-22-20,1981.324858,5172.333874,12.9832774,80.2269697,12.9918725,80.2391206,0.475686011,5.506165981,0.25502941,5921,,,,137,64,64,4290996,74133062,3643092,
01-23-20,1926.990034,3441.752128,12.9869299,80.2294191,12.9918389,80.2374892,0.48176671,1.453119159,0.110802725,4662,,,,128,60,60,3892555,76486314,3073699,
01-24-20,1855.19344,3304.068471,12.9843518,80.2270191,12.9919834,80.2360604,0.419357611,2.203026295,0,3700,,,,113,64,64,4053315,78812855,1586147,
01-25-20,1833.236019,5118.523395,12.984011,80.234477,12.9870636,80.2359458,0.646689785,2.550305367,0.001489468,5983,,,,102,34,31,1594666,78849691,3757938,
01-26-20,1725.006906,3858.277462,12.984029,80.2338717,12.9874143,80.2374564,0.50564063,2.716209888,0.242697969,4925,,,,71,11,11,521488,79119605,2978755,
01-27-20,1905.566471,7126.329347,12.9837469,80.2270021,12.9919535,80.2359485,0.532215375,10.62268353,0.077632554,5091,,,,127,54,54,3435954,75729138,3169580,
01-28-20,1788.290877,2572.026232,12.9844825,80.2350763,12.9870465,80.2359458,0.492875409,1.441126585,0.265655637,3185,,,,80,37,37,2508452,80085063,2012833,
01-29-20,1855.505013,3184.361747,12.9859678,80.2269453,12.9918317,80.235647,0.494566142,3.754081964,0.078768007,3359,,,,107,59,59,3667938,78440794,2004106,
01-30-20,1895.863092,5324.060933,12.9838897,80.2270823,12.991882,80.2360573,0.532937291,3.05577755,0,5029,,,,126,54,53,3213194,76564821,3191415,
01-31-20,1764.87811,5312.016375,12.9837369,80.2282951,12.9916803,80.2354564,0.517117839,5.095507145,0.082957156,4522,,,,83,24,24,1634852,79578200,2386404,
02-01-20,1833.727008,5060.532171,12.9843819,80.2323556,12.9933703,80.2360321,0.452372996,4.331264019,0.028250832,4478,,,,125,61,61,3791713,75634427,1472647,
02-02-20,1876.63242,7065.932221,12.9809999,80.2332383,12.9919343,80.2384964,0.713525518,12.32612801,0.168713152,6245,,,,121,45,45,2712052,71186729,3315014,
02-03-20,2101.69872,12455.35961,12.9843613,80.2294559,13.052593,80.2416615,0.821462546,22.05864143,0.037524808,5345,,,,136,61,61,4056886,73167080,3417804,
02-04-20,2059.689847,8209.967097,12.9840061,80.2271011,12.9916258,80.2361262,0.553191615,8,0,2989,,,,142,103,103,6739293,73806134,2460005,
02-05-20,1999.057661,7547.184988,12.9786205,80.1906385,12.990435,80.239109,0.477948559,4.989999771,0.251720071,6903,,,,140,63,63,3672708,73773761,4602496,
02-06-20,1801.0087,5732.488438,12.9840367,80.2270943,12.9918768,80.2360497,0.745355406,3.360660076,0.021712363,4863,,,,106,39,39,2412311,77317779,2328085,
02-07-20,1998.819606,7702.457433,12.9840846,80.2271514,12.9918654,80.2366918,0.565716253,3,0.003301031,4410,,,,145,79,79,5435984,74875346,2738827,
02-08-20,1769.507502,3894.974527,12.9840382,80.232551,12.9908543,80.2371983,0.63875389,2.042006493,0.074404262,3682,,,,84,30,30,1938020,78831670,2278861,
02-09-20,1842.831237,5915.690483,12.983691,80.2334532,12.9902052,80.2360917,0.450180502,6,0.052145399,6087,,,,115,36,36,2089938,75392022,3248030,
02-10-20,1841.98432,5567.622668,12.9857299,80.2271352,12.9918752,80.2358095,0.585416605,3.260755062,0.113409303,3952,,,,97,42,42,2705549,76500797,2785857,
02-11-20,1943.544267,7300.363088,12.9838941,80.2325585,12.9910227,80.2402528,0.560689875,3.663867712,0.080514684,4030,,,,118,60,60,3973992,76326009,3289919,
02-12-20,1773.066245,4370.583294,12.9840357,80.2272934,12.9918851,80.2360533,0.486635938,3.524507761,0.005954783,4865,,,,92,18,18,1209386,76078365,3123512,
02-13-20,1888.979308,4182.19902,12.9858311,80.2270324,12.9918505,80.2360718,0.580880037,4.159977436,0.029966028,3820,,,,95,43,43,2832189,76633552,3511296,
02-14-20,1987.768836,4893.508531,12.9840051,80.2328723,12.9904527,80.2359594,0.87584032,5.17182827,0.042446893,2726,,,,124,90,90,5922646,75574479,1876852,60648
02-15-20,2056.957277,7577.131371,12.9836698,80.2317355,12.9916032,80.2359907,0.539163891,4,0.083671793,6840,,,,163,68,68,4256687,74568343,5065659,
02-16-20,1939.59117,5661.769576,12.9837909,80.231163,12.9929811,80.2360768,0.915314342,2.618792295,0.224653468,5313,,,,137,59,59,3659245,76912898,3554176,
02-17-20,1847.805841,4851.20878,12.9840586,80.2303604,12.9907158,80.2367947,0.730555569,10,0.033025373,3574,,,,90,36,36,2421724,79650326,3191651,
02-18-20,1934.642873,6946.566039,12.9838104,80.231163,12.9929579,80.237297,0.501137071,2.72697258,0,4639,,,,132,70,70,4409102,74859952,2661359,
02-19-20,1775.393476,4891.713158,12.9879418,80.2268959,12.9919546,80.235455,0.94527706,4.439110279,0.25502941,3978,,,,87,26,26,1720087,79606183,2603272,
02-20-20,2012.696256,6851.920134,12.9840407,80.2268172,12.9925763,80.2373664,0.627182442,10.01165009,0.011021744,4129,,,,144,78,78,5151338,75162323,3297593,
02-21-20,1978.906125,6513.506067,12.984029,80.2306149,12.9908878,80.2359738,0.618455544,6.010323524,0.102677271,3383,,,,136,86,86,5613804,76332572,2183717,
02-22-20,1787.171364,2110.507089,12.986414,80.2349282,12.9871194,80.2360596,0.463674149,1.899848223,0.16709742,2379,,,,78,43,43,2696557,79736885,1791096,
02-23-20,1683.118657,1975.3675,12.9839936,80.2340105,12.9870935,80.2365727,0.495692327,3,0.265655637,3593,,,,63,8,8,575725,80268241,2153187,
02-24-20,2007.612703,6463.662406,12.9840266,80.2285462,12.992598,80.2381431,0.459858716,3.292866707,0.048440222,3979,,,,132,84,84,5413894,74474926,2915607,
02-25-20,1732.455051,3185.009378,12.9841878,80.2321329,12.9895318,80.2363463,0.51891978,2.684919119,0.002339658,2898,,,,73,28,28,1812993,81011638,1733669,
02-26-20,1850.372409,4051.84146,12.9870895,80.2271008,12.9918778,80.2359442,0.644333379,3.191327095,0.25502941,2967,,,,97,48,48,3092798,79201573,2314411,92092
02-27-20,1764.086548,5114.792614,12.9840192,80.2286963,12.991661,80.2348824,0.560308994,2.491120338,0.023519883,5643,,,,93,21,21,1296242,73679298,2866060,
02-28-20,1909.228087,5689.245659,12.984044,80.2270439,12.9918549,80.2360382,0.496665106,4.123233318,0.011658975,5283,,,,113,39,39,2438759,75882276,4286016,
02-29-20,1811.931082,4906.639525,12.9839537,80.2230731,12.9911081,80.2353381,0.518851295,3.64852953,0.265655637,3610,,,,93,47,47,2869048,79493302,2060267,
03-01-20,1780.895811,3347.906619,12.9842903,80.2344743,12.9858667,80.238849,0.626256484,1.421988726,0.088468686,3540,,,,82,37,37,2398943,80089344,1856074,60436
03-02-20,1907.708669,4799.112808,12.9839045,80.2301688,12.9914541,80.2402281,0.394208345,1.948211193,0.027731588,3016,,,,118,70,70,4561699,76973288,2004584,
03-03-20,1749.605594,2877.326829,12.98404,80.2284758,12.9917575,80.2353035,0.697232744,4.604959965,0.254828036,3076,,,,69,19,19,1264461,80627936,2634711,
03-04-20,1919.630097,5514.366138,12.986447,80.2267977,12.992566,80.2364879,0.58599153,4.139999866,0.027200047,4764,,,,132,70,70,4180875,75608335,2490198,61228
03-05-20,1838.373444,4356.902061,12.9839455,80.2328029,12.9909554,80.2349475,0.517185012,7,0.25502941,6855,,,,129,24,24,1464801,75581696,4046961,
03-06-20,2064.178869,10883.64169,12.9834237,80.2228753,12.9917832,80.2402159,0.583045719,8.648808479,0.012809682,6443,,,,165,83,83,5221234,70668362,3887613,120532
03-07-20,2423.106468,9535.286051,10.7823744,79.130546,10.9584559,79.3905555,2.402219003,63.78926849,0.08886195,15710,,,,273,67,67,3594147,13291198,12483615,
03-08-20,1706.831782,3158.070909,12.9838442,80.2340365,12.9870521,80.2381335,0.663861876,14.21724224,0.255072325,4443,,,,79,12,12,735265,77640757,2417032,
03-09-20,1824.240247,4084.164647,12.984242,80.2277148,12.9919238,80.2359584,0.520137741,5.469800472,0.173567742,4314,,,,102,35,35,2275151,77107972,2921126,
03-10-20,1815.467244,3754.987759,12.9838148,80.2341428,12.9871045,80.2368967,0.456031393,3.585865021,0.099830218,5959,,,,96,13,13,781474,74486284,4355275,
03-11-20,1923.871814,7100.368899,12.9842382,80.2268208,12.9924651,80.2359022,0.553738074,3.069235086,0.210042045,5624,,,,143,61,61,3881892,76700288,3027969,
03-12-20,1779.344033,4038.591351,12.9840467,80.2268828,12.9918519,80.2359472,0.497212102,3.221249342,0.0783168,4441,,,,95,29,29,1965298,75060724,2429922,
03-13-20,1931.071527,3662.951962,12.9860272,80.2278641,12.9920568,80.2359301,0.463018683,5,0.131074816,4032,,,,124,63,63,4177186,74502775,2844009,
03-14-20,1950.746274,6760.906487,12.9839848,80.2167764,12.9931844,80.2360133,0.560093904,2.24080205,0.250882417,7176,,,,131,41,41,2443169,76303276,4711284,152038
03-15-20,1927.409304,4854.152447,12.9840479,80.2269764,12.9918482,80.2359927,0.645445652,2.92882514,0.25502941,5533,,,,113,48,48,2655985,75030507,4184788,95802
03-16-20,2025.353446,6269.826411,12.9847352,80.2274056,12.9919237,80.2362497,0.548159062,8,0.138737619,3795,,,,153,94,94,5853075,74565620,2778854,
03-17-20,2197.011268,9884.512258,12.9822441,80.2325802,12.9974032,80.2407389,0.469647062,4.089566231,0.164716616,7129,,,,210,115,115,7229891,63483803,4451437,
03-18-20,1937.737052,5773.056227,12.9813022,80.234666,12.9870602,80.2402489,0.57590676,4.297632694,0.061948303,4817,,,,132,67,67,4254347,73276301,2883603,
03-19-20,1846.107587,5647.608732,13.2001472,77.7081459,13.2011946,77.7099508,1.46638706,54.07402802,0.160835266,8830,,,,117,5,5,,61187488,5683689,
03-20-20,1580.368278,1819.225736,,,,,0.48617132,3.330132961,0.267628133,3690,,,,47,,,,76571473,886287,
03-21-20,1565.88112,715.995153,,,,,0.37431857,0.863533318,0.284768611,1641,,,,16,,,,78663472,620829,
03-22-20,1704.293841,1663.753522,,,,,0.40700017,0.806460619,0.25378859,3914,,,,41,,,,74721328,2610794,238542
03-23-20,1684.320242,2535.103754,,,,,0.395278984,1.226100564,0.25502941,4750,,,,63,,,,78230950,2791075,
03-24-20,1630.502087,1545.299258,,,,,0.412891656,0.954917073,0.25502941,3603,,,,33,,,,73487379,1804926,
03-25-20,1652.249042,1663.796192,16.9422157,74.1375585,16.9422157,74.1375585,0.501402773,6,0.25502941,3921,,,,34,,,,78317515,1926940,120727
03-26-20,1591.192958,753.6237761,,,,,0.578855008,1.99000001,0.250777721,2207,,,,17,,,,77368706,1084636,
03-27-20,1697.13237,3134.230096,,,,,0.477919364,1.415217757,0.25502941,6092,,,,79,,,,74844396,3025840,
03-28-20,1596.569087,1351.580717,16.942307,74.1369583,16.9423809,74.137252,0.346442411,1.102704525,0.247284651,3047,,,,28,,,,79535284,1183146,
03-29-20,1823.711878,4022.445085,16.9418211,74.1337932,16.9418323,74.1338399,0.478138132,1.714736819,0.247103035,6898,,,,71,22,22,,73825410,3674030,729777
03-30-20,1656.98656,2526.779781,,,,,0.431213473,3.184783459,0.248386905,4901,,,,51,9,9,,73631065,2290220,
03-31-20,1646.950879,1383.238236,16.9424635,74.1371045,16.9424635,74.1371045,0.391660568,0.982111156,0.245555907,2904,,,,32,,,,80499377,2106328,
04-01-20,1731.1919,2393.576077,,,,,0.608229599,1.74000001,0.25502941,4632,,,,59,,,,75442263,3441859,90863
04-02-20,1658.677421,1470.380189,,,,,0.397459166,1.60786581,0.25502941,2941,,,,33,,,,80490598,2321202,
04-03-20,1682.161004,2094.328391,,,,,0.384620189,1.340000033,0.25502941,4332,,,,49,,,,76100628,2613051,60461
04-04-20,1639.689579,898.9787784,,,,,0.343678838,0.819989741,0.241203532,2269,,,,16,,,,75290333,1618670,154847
04-05-20,1679.321606,1931.720201,,,,,0.442558164,1.668621421,0.248016581,4016,,,,58,14,14,916316,75916985,1719268,
04-06-20,1746.562277,3464.184975,,,,,0.489036014,1.675433159,0.247175574,6306,,,,60,4,4,,74237939,3722163,91447
04-07-20,1733.795911,3358.52545,,,,,0.414877936,1.214694619,0.265553921,5871,,,,64,5,5,,80365797,3697654,
04-08-20,1769.072757,4676.582494,16.9422393,74.1374323,16.9422393,74.1374323,0.546246885,1.452413082,0.25502941,7919,,,,88,22,22,,73213208,4344054,
04-09-20,1923.368911,5549.850251,16.9423353,74.136761,16.9423578,74.1367639,0.461131054,11,0.258325487,9535,,,,124,12,12,,70549299,6217086,416696
04-10-20,1546.125682,1245.766746,,,,,0.597673303,3,0.25502941,2915,,,,32,,,,81225058,258836,
04-11-20,1743.197137,3673.327593,,,,,0.568671578,7,0.25502941,7151,,,,113,15,15,819273,69481905,2993517,
04-12-20,1639.094441,1754.602543,,,,,1.431596144,6,0.253396243,3614,,,,45,,,,78919557,1962370,
04-13-20,1736.395127,3934.223089,,,,,0.443813699,1.296664953,0.249197498,7024,,,,78,9,9,,74913521,3745281,
04-14-20,1808.235426,3525.765765,16.9416556,74.1335877,16.9416556,74.1335877,0.575407807,9,0.252815157,6613,,,,69,8,8,,73515662,5061663,
04-15-20,1728.384953,3133.130861,,,,,0.510779252,4,0.253071368,5922,,,,64,5,5,,77575720,3598505,
04-16-20,1718.975226,1559.794189,,,,,0.409686712,0.96465385,0.25502941,3291,,,,34,,,,77984405,3426082,
04-17-20,1769.046541,4175.844594,16.9462825,74.139929,16.9463387,74.1400185,0.417367016,1.693091631,0.23469235,7145,,,,93,10,10,,78669497,4204343,60799
04-18-20,1599.141765,1519.889742,,,,,0.413682468,1.393275619,0.252654821,3512,,,,32,,,,76187968,832837,173556
04-19-20,1905.107246,5189.203359,16.9422514,74.1359241,16.9447672,74.1374438,0.554523016,2.80541563,0.253219068,8963,,,,111,7,7,,70576822,6423938,180248
04-20-20,1862.010763,4880.330633,,,,,0.435473662,1.243807912,0.25502941,8307,,,,103,,,,75353542,6047025,
04-21-20,1873.058478,5988.682855,16.9424837,74.1363562,16.9466054,74.1425798,0.752190202,19,0.081515916,9492,,,,107,8,7,,72528957,5963539,95874
04-22-20,1820.396261,4594.383714,,,,,0.460711822,3,0.265655637,7805,,,,91,7,7,,77733778,5139259,63420
04-23-20,1750.269845,3197.404349,16.9425275,74.1369741,16.9425275,74.1369741,0.394756845,1.129242897,0.265655637,5626,,,,69,,,,76259984,3999517,
04-24-20,1695.39606,2946.1716,16.9429463,74.1366678,16.9434724,74.1369244,0.439788821,2.240283489,0.25502941,5510,,,,71,1,1,,77614270,2847069,64172
04-25-20,1840.262487,5274.911291,,,,,0.572167434,5.479626656,0.25502941,8801,,,,114,9,9,,76310425,5648514,
04-26-20,1622.221379,2084.560595,,,,,0.535231498,3.138097763,0.25502941,3905,,,,48,,,,78924893,1653191,
04-27-20,1723.440412,3682.460132,16.9422803,74.1370798,16.9422803,74.1370798,0.564864639,1.520549655,0.247986495,6651,,,,69,10,10,,76361254,3306352,88012
04-28-20,1618.604923,1942.432336,,,,,0.656366726,19,0.297534317,3745,,,,41,,,,79328969,1586925,
04-29-20,1935.362243,6171.285572,16.9320481,74.135698,16.9465467,74.1410188,0.495524351,4,0.255204171,10371,,,,141,12,12,,70139758,7040448,153120
04-30-20,1674.571124,2042.697892,,,,,0.655026673,3,0.248546764,4207,,,,46,,,,75958818,2612436,
05-01-20,1870.189819,5606.586187,,,,,0.455101885,1.23416996,0.249455392,9218,,,,108,3,3,,75120975,6196896,
05-02-20,1664.036689,1981.653047,16.9425453,74.1371279,16.9425453,74.1371279,0.468012727,2.637697935,0.250410855,3655,,,,48,1,1,127109,78386820,2283433,
05-03-20,1634.610595,1841.77479,,,,,0.413851029,1.338033199,0.25502941,3376,,,,34,4,4,,77750114,1880210,
05-04-20,1985.116508,7799.568215,,,,,0.63661501,2.4662714,0.262676805,12778,,,,152,2,2,,69665546,8302783,
05-05-20,1695.860697,2505.17395,,,,,0.453812169,2.089623213,0.21715036,4634,,,,56,,,,75527981,3002538,
05-06-20,1653.067392,1790.086736,,,,,0.503608771,1.399999976,0.25502941,3195,,,,37,,,,81778861,2218406,
05-07-20,1659.777178,1925.701957,,,,,0.440030145,1.49945116,0.258895367,3918,,,,42,1,1,,75612643,2341355,
05-08-20,1768.516465,4331.732283,16.9318921,74.1291952,16.9420914,74.1366263,0.553519157,2.036769867,0.251733035,7118,,,,88,17,17,,75909016,4194569,60826
05-09-20,1925.96061,6234.145306,,,,,0.487447292,1.477653742,0.265655637,9998,,,,141,49,49,1160197,74820387,5977726,
05-10-20,1670.585305,1642.652831,,,,,0.387577535,0.996582925,0.25502941,3458,,,,41,,,,71756558,2539399,
05-11-20,1699.74446,3373.90552,,,,,0.455032249,1.710000038,0.254059821,5765,,,,67,7,7,,81446345,3073704,
05-12-20,1742.757824,3422.590945,,,,,0.914668317,3.002242804,0.25502941,5545,,,,67,12,12,,79741094,3861868,
05-13-20,1877.159883,7078.413234,,,,,0.633216313,2.704084396,0.246773243,11544,,,,144,27,26,,73561117,6019192,121480
05-14-20,1593.192374,1086.31707,,,,,0.43370564,1.27739203,0.251322895,2834,,,,23,,,,76588515,1121273,
05-15-20,1658.890791,1630.913268,,,,,0.415928483,0.844958842,0.25502941,2947,,,,54,10,10,660000,56827476,1619090,
05-16-20,1647.339615,1700.675741,,,,,0.447789151,1.193317294,0.25502941,3016,,,,38,2,2,,41680764,2113452,
05-17-20,1724.593496,3587.454334,,,,,0.540288847,1.246709466,0.265655637,6067,,,,71,12,12,,80083076,3529031,
05-18-20,1797.076068,5218.570646,,,,,0.497018697,1.523496389,0.259049356,8671,,,,111,24,24,,75120592,4857181,
05-19-20,1848.368401,5873.781686,16.940536,74.1309208,16.940536,74.1309208,0.464152097,1.557379842,0.25502941,9838,,,,123,23,23,,72601896,5350290,195088
05-20-20,1766.062905,5083.414983,,,,,0.54869403,3,0.246832028,8389,,,,96,27,27,,76984383,4288904,
05-21-20,1836.317155,5851.69295,,,,,0.454441557,2.321648836,0.25502941,9683,,,,110,27,27,,75195485,5576222,
05-22-20,1901.943915,6979.193859,16.9400778,74.1234574,16.9834327,74.1286862,0.553951043,1.340703726,0.251707882,11403,,,,138,43,43,,75688450,6220485,243781
05-23-20,1744.392874,3972.115897,16.9421765,74.1371183,16.9421765,74.1371183,0.417048584,1.444667459,0.24727878,6806,,,,76,15,15,,78275647,3891830,
05-24-20,1704.993483,4179.1727,,,,,0.419538881,1.257679343,0.248142809,7262,,,,86,5,5,,77369456,3169883,
05-25-20,1775.627783,4804.317813,16.9400356,74.1234574,16.9834327,74.1261409,0.498765818,1.850157261,0.247961596,8005,,,,89,26,24,,76156399,4247193,94748
05-26-20,1719.066211,3452.464071,,,,,0.410292523,2.727555513,0.279133886,6159,,,,90,,,,77716394,3427750,
05-27-20,1918.00276,8042.123353,,,,,0.455496632,1.428923488,0.248291612,12913,,,,154,39,39,,66517375,7073009,
05-28-20,1638.058782,2093.92784,,,,,0.500962523,1.227338791,0.25502941,4239,,,,51,,,,68966316,1943392,
05-29-20,1662.209503,1627.619825,,,,,0.452359524,1.314539671,0.263385594,3146,,,,37,,,,80575159,2311884,32331
05-30-20,1560.024413,1441.387679,,,,,0.568458313,8.757189751,0.23900567,3217,,,,37,,,,73664784,513512,
05-31-20,1574.997529,1184.187195,,,,,0.418342359,0.926094711,0.25502941,2579,,,,30,,,,80546747,787875,
06-01-20,1561.01453,485.1935092,,,,,0.381907413,0.670411348,0.25502941,1219,,,,7,,,,81923538,531654,
06-02-20,1614.274824,1675.475277,,,,,0.417183974,1.187670112,0.25502941,3933,,,,35,,,,71097696,1211122,129457
06-03-20,1589.82129,827.4793289,,,,,0.361275067,1.034528613,0.28690809,2133,,,,19,,,,82726503,1059503,
06-04-20,1709.544421,2717.947979,,,,,0.528247615,1.139999986,0.249431238,5996,,,,71,,,,68218159,3115104,60336
06-05-20,1619.190314,1240.646635,,,,,0.408947545,1.279999971,0.249737352,3067,,,,28,,,,73448480,1338992,112950
06-06-20,1629.127546,1320.716107,,,,,0.336518268,1.262762189,0.25502941,2994,,,,29,,,,78083176,1779740,
06-07-20,1651.962083,2264.110479,16.9436118,74.1364878,16.9436118,74.1364878,0.433016565,1.899072289,0.256195247,4376,,,,45,3,3,,78001886,2198154,
06-08-20,1865.356915,4782.235931,,,,,0.440840693,1.301958561,0.252946585,8400,,,,114,18,18,577469,67840739,5329713,70257
06-09-20,1656.888391,1689.674108,,,,,0.546785534,2.519999981,0.250596195,3405,,,,52,7,7,460453,76634739,1795860,
06-10-20,1755.57421,5059.098366,16.9419854,74.1358322,16.9420473,74.1360315,0.527893805,4.460000038,0.25502941,8786,,,,97,26,26,,70188451,3888007,91136
06-11-20,1618.700752,1390.269486,,,,,0.390982266,1.042791963,0.252258331,2979,,,,36,,,,79626133,1290245,130319
06-12-20,1656.505982,1945.769864,,,,,0.465572405,1.304414868,0.25502941,3992,,,,41,,,,74694903,1909691,162322
06-13-20,1632.583009,1675.38741,,,,,0.422827932,1.165258765,0.046996344,3304,,,,42,,,,80844125,1843056,
06-14-20,1704.09944,2791.35105,,,,,0.820164383,6.53000021,0.25502941,5696,,,,71,,,,73526164,3153504,
06-15-20,1625.892087,1766.793321,,,,,0.3875867,1.073137403,0.25502941,4094,,,,38,,,,74668535,1720453,
06-16-20,1746.196893,3367.276018,16.945097,74.1370331,16.945097,74.1370331,0.504607411,1.939427137,0.25502941,6133,,,,76,2,2,,76224604,3784179,61443
06-17-20,1652.061759,1557.944559,16.9420171,74.1363119,16.9420171,74.1363119,0.425944568,1.5,0.265655637,3137,,,,28,2,2,,79635785,1992223,90722
06-18-20,1619.863136,1283.224582,,,,,0.378887737,3.991134882,0.25502941,2761,,,,26,5,5,,72973779,1609980,
06-19-20,1614.226918,2147.644267,,,,,0.472739729,1.470903277,0.235163465,4142,,,,45,7,7,,78396494,1506704,
06-20-20,1928.944196,5120.919858,16.9450878,74.1370413,16.9450878,74.1370413,0.476546759,1.242010951,0.25502941,8990,,,,113,13,13,418625,63930670,6825679,
06-21-20,1713.267573,4003.144086,,,,,0.450532745,2.075051785,0.25502941,7641,,,,123,14,14,818138,69748718,2446310,
06-22-20,1638.313342,1916.791596,,,,,0.556439213,1.839416981,0.243103862,3695,,,,49,1,1,,73375040,1948057,
06-23-20,1759.303311,2137.755989,,,,,0.475062738,2.182442665,0.254082143,4487,,,,42,3,3,,62093844,4165044,
06-24-20,1685.205327,1978.966834,,,,,0.47493339,1.679999948,0.253387332,4262,,,,39,,,,69178442,2807292,
06-25-20,1753.532403,3729.43705,,,,,0.424672032,2.085615873,0.258396506,6873,,,,86,6,6,,72143116,3913382,63718
06-26-20,1702.858219,3316.401809,,,,,0.404181546,1.151343226,0.25502941,7044,,,,83,,,,69042143,2490800,279454
06-27-20,1630.645202,2980.541963,,,,,0.372832696,1.058084011,0.250597775,6831,,,,74,,,,65048063,1669276,60380
06-28-20,1634.699128,2288.04122,,,,,0.439915836,1.91501236,0.25502941,4869,,,,52,3,3,,75538580,1741298,61367
06-29-20,1805.120666,5175.159659,16.9401925,74.1292369,16.9401925,74.1292369,0.513258941,2.029999971,0.243983895,9037,,,,97,19,19,,71230974,4865761,60623
06-30-20,1756.026096,2617.240518,,,,,0.400037977,1.31831491,0.252613366,5118,,,,64,,,,68087126,1857759,981307
07-01-20,1685.759724,2782.811162,,,,,0.476467164,4.544811726,0.253920943,5016,,,,64,8,8,,76775723,2817452,
07-02-20,1674.868392,2147.435454,,,,,0.406659428,1.181785107,0.25502941,4137,,,,46,2,2,,75606018,2617882,
07-03-20,1765.029754,4231.139985,,,,,0.548720364,1.30079937,0.25502941,6997,,,,81,20,20,,78809661,4269973,
07-04-20,1706.28826,4528.677064,,,,,0.434666637,1.29974103,0.25502941,7828,,,,103,10,10,72863,71231805,3115667,
07-05-20,1702.290441,3356.740937,,,,,0.424409967,1.253008842,0.250313312,6549,,,,64,8,8,,61895092,2455326,290401
07-06-20,1688.026134,3779.663521,,,,,0.532549697,2.309999943,0.249051377,8173,,,,88,3,3,,65912921,2710773,64718
07-07-20,1684.949807,2063.703373,,,,,0.41769984,1.117811561,0.252991498,4415,,,,38,,,,74336501,2802609,
07-08-20,1850.268516,6241.795549,,,,,0.497247103,1.233846545,0.25502941,11115,,,,136,6,6,,68558297,5831863,
07-09-20,1720.768452,3640.686956,,,,,0.435638425,1.392886519,0.251698196,6879,,,,84,6,6,,74457017,3458943,
07-10-20,1656.041391,2626.509254,,,,,0.63713583,2.035243034,0.253300041,5342,,,,54,1,1,,67225094,2272902,
07-11-20,1712.2996,1804.980787,,,,,0.427682231,1.245457768,0.249328107,3782,,,,30,3,3,,73912715,3303760,
07-12-20,1665.547579,2973.293849,,,,,0.426729377,1.170939565,0.249905497,6266,,,,72,,,,68991089,1746641,305867
07-13-20,1674.762293,3013.661157,,,,,0.494242719,8.06000042,0.2466892,6646,,,,79,2,2,180482,70226171,2422873,
07-14-20,1665.506307,2287.333426,,,,,0.50324988,3.017800808,0.264212877,4626,,,,59,,,,72363596,2223061,97497
07-15-20,1571.402635,786.0592455,,,,,0.357809822,1.213357449,0.25502941,2052,,,,14,,,,82173949,722003,
07-16-20,1776.915271,4390.148654,,,,,0.426986671,1.467275381,0.25502941,8241,,,,99,2,2,,69645648,4220473,116716
07-17-20,1568.895181,653.2567549,,,,,0.517736628,4.440000057,0.246928379,1881,,,,14,4,4,311666,64726182,342659,
07-18-20,1577.144218,1607.051828,,,,,0.352919211,1.142211676,0.247287139,3645,,,,41,,,,72224073,827211,
07-19-20,1779.434993,4509.545292,,,,,0.414570169,1.205542803,0.247408837,8566,,,,99,2,2,,66176878,4245967,125747
07-20-20,1625.942506,2741.72804,16.9420522,74.1374732,16.9420522,74.1374732,0.362114952,1.262334943,0.245436475,5406,,,,71,,,,73309238,1721378,
07-21-20,1624.835223,1607.057278,,,,,0.517339399,4.880000114,0.269456625,3790,,,,35,2,2,,73084124,1701088,
07-22-20,1737.177057,5696.700197,,,,,0.431220174,1.247718334,0.252255887,9915,,,,116,10,10,,67595388,3759607,
07-23-20,1703.829185,2496.480367,16.9492345,74.1346714,16.9510507,74.1371985,0.402451695,0.938451469,0.251440376,5573,,,,53,,,,66721359,3148551,
07-24-20,1747.456491,4001.32679,,,,,0.41833798,1.257902384,0.25502941,7430,,,,92,5,5,,74095828,3407655,235940
07-25-20,1726.702502,3765.973125,,,,,0.424106588,1.175274968,0.246361479,7573,,,,86,2,2,,75006138,3567675,
07-26-20,1691.940062,5314.926708,16.9416648,74.1325532,16.9416648,74.1325532,0.525421016,4.855086803,0.246035725,10030,,,,130,4,4,,71082013,2580009,153137
07-27-20,1676.81059,3377.638084,,,,,0.468866964,1.850000024,0.25502941,6779,,,,76,2,2,,68736986,2653471,
07-28-20,1900.366284,3356.174367,,,,,0.425777202,1.25999999,0.249500677,7063,,,,85,,,,65667664,1397080,2337409
07-29-20,1593.91582,823.4772538,,,,,0.4909492,2.50999999,0.25502941,2199,,,,14,,,,73610843,1134529,
07-30-20,1753.812154,4759.159538,,,,,0.449148499,2.017943144,0.25502941,8088,,,,94,31,31,,74413902,4064423,
07-31-20,1576.355147,1371.136277,,,,,0.400703447,0.813421309,0.251293689,3128,,,,38,,,,75024457,812752,
08-01-20,1671.441104,3061.318629,,,,,0.520473359,1.947829962,0.247738451,5915,,,,73,1,1,,66756230,2555082,
08-02-20,1789.782096,5417.875422,,,,,0.583082872,12.18000031,0.25502941,9733,,,,123,5,5,,70205898,4723528,
08-03-20,1570.60926,528.8429556,,,,,0.434083668,0.957648337,0.25502941,1423,,,,13,,,,83639384,707466,
08-04-20,1581.334114,528.4445893,,,,,0.427959719,3.251188755,0.25502941,1450,,,,11,,,,80162951,903986,
08-05-20,1557.736252,579.5543988,,,,,0.469734233,0.827641308,0.25502941,1549,,,,10,,,,79560565,471585,
08-06-20,1619.85134,1241.372272,,,,,0.507280011,1.879999995,0.25502941,2913,,,,26,,,,78627633,1609765,
08-07-20,1607.004831,1307.538943,,,,,0.416548001,1.090165854,0.25502941,2795,,,,33,,,,78850235,1374368,
08-08-20,1738.837589,2695.972963,,,,,0.882497552,13.29413414,0.252213955,4766,,,,67,,,,72778181,3790035,
08-09-20,1715.025837,3228.690566,,,,,0.463317233,1.140564561,0.245806843,6521,,,,76,1,1,,70466073,3353716,
08-10-20,1740.822012,3054.941483,,,,,0.496491161,9.449987411,0.251732171,6388,,,,71,,,,66069059,3826398,
08-11-20,1678.903834,2230.930939,16.9421133,74.137093,16.9421403,74.1374694,0.383836893,0.944792688,0.232145205,4665,,,,59,,,,68944615,2691827,
08-12-20,1713.179517,2713.451641,,,,,0.494296404,2.248159647,0.25502941,5051,,,,76,,,,73195193,3319885,
08-13-20,1607.915208,674.5528706,,,,,0.40484901,1.169999957,0.248318478,1991,,,,22,9,9,607210,80195776,741498,
08-14-20,1587.258351,943.1749818,,,,,0.866973654,20.19528008,0.246478841,2611,,,,16,,,,72271809,1012539,
08-15-20,1699.136439,2867.931293,16.9420518,74.1374781,16.9420518,74.1374781,0.452100114,2.050630569,0.245415673,6012,,,,77,,,,75150107,2912018,65739
08-16-20,1824.344091,4038.983799,16.9418606,74.1369984,16.9511468,74.1400862,0.44316058,2.26884985,0.25502941,6627,,,,88,11,11,,73583679,5196901,69838
08-17-20,1927.525133,5993.065814,16.9419681,74.1366846,16.9513657,74.1394254,0.435949461,2.170000076,0.25502941,10553,,,,120,24,24,,71045111,7102302,63401
08-18-20,1735.557717,3398.734503,16.9476597,74.1371894,16.9513687,74.1386109,0.447329702,2.576802254,0.25502941,5803,,,,63,22,22,,77445162,3729936,
08-19-20,1611.312716,1958.437016,,,,,0.446567991,1.600000024,0.25502941,4317,,,,49,,,,71288557,1453305,
08-20-20,1655.113319,2861.096307,16.9419867,74.1382915,16.9420604,74.1398618,0.461388361,12.71014309,0.247255743,5537,,,,54,15,14,,72396999,2255896,
08-21-20,1705.670422,3669.616018,16.9422089,74.1390571,16.9422089,74.1390571,0.394564923,1.539354444,0.252194971,7385,,,,73,6,6,,65847617,3182290,
08-22-20,1625.206286,3390.694651,16.951088,74.1370478,16.951088,74.1370478,0.415854919,2.30924201,0.249905691,7159,,,,86,,,,68101578,1707886,
08-23-20,1708.641332,4649.39585,16.9493477,74.1379645,16.9493477,74.1379645,0.741590981,12.80000019,0.251729608,9875,,,,137,15,15,994711,55285285,2172653,
08-24-20,1654.516991,3620.185593,,,,,0.35881707,1.039478898,0.240955487,7941,,,,89,,,,66595277,2036639,90972
08-25-20,1709.408272,2418.040492,,,,,0.400074422,1.146066427,0.25502941,5022,,,,61,,,,71724473,3250782,
08-26-20,1700.554385,3405.320617,16.9494915,74.1379618,16.9494915,74.1379618,0.403836075,1.226185322,0.25502941,6546,,,,74,6,6,,71921027,3088547,
08-27-20,1715.066359,5007.732124,16.9510985,74.1370597,16.95211,74.139836,0.430235106,8.829999924,0.248109132,9088,,,,107,9,9,,74568375,3354458,
08-28-20,1816.075541,5609.548472,16.9510596,74.1353656,16.9568749,74.1372669,0.428090365,2.269999981,0.25502941,9833,,,,115,11,11,,72850559,4862524,149691
08-29-20,1678.234758,3451.582604,16.9510888,74.1353801,16.957009,74.137213,0.48299701,2.274492264,0.209998026,5253,,,,58,9,9,,79098480,2489272,60301
08-30-20,1733.944823,4133.870353,16.9512019,74.1353786,16.9570044,74.1372158,0.454864551,2.397601128,0.094450854,6880,,,,72,13,13,,75198000,3700382,
08-31-20,1708.378213,4091.284397,16.9511478,74.1354069,16.9568148,74.13716,0.38899086,2.521143675,0.25502941,7104,,,,86,16,14,,77057510,3231907,
